fecha,num_casos,num_casos_prueba_pcr,num_casos_prueba_test_ac,num_casos_prueba_otras,num_casos_prueba_desconocida,deceased,cases_accumulated,cases_accumulated_PCR,cases_accumulated_AC,cases_accumulated_otras,cases_accumulated_desconocida,cases_accumulated_PCR_percentage,cases_accumulated_AC_percentage,cases_accumulated_otras_percentage,cases_accumulated_desconocida_percentage,cases_inc,deceased_accumulated,deceased_per_100000,deceased_inc,cases_7_days,cases_14_days,deaths_7_days,deaths_14_days,deaths_7_days_1M,avg_cases_7_days,avg_cases_14_days,avg_deaths_3_days,avg_deaths_7_days,ia_100000_week,ia_100000_2week,ia_accumulated
2020-01-01,5,4,0,1,0,,5,4,0,1,0,80.0,0.0,20.0,0.0,,,,,5,5,,,,5.0,5.0,,,0.01,0.01,0.01
2020-01-02,6,6,0,0,0,,11,10,0,1,0,90.9090909090909,0.0,9.090909090909092,0.0,20.0,,,,11,11,,,,5.5,5.5,,,0.02,0.02,0.02
2020-01-03,1,1,0,0,0,,12,11,0,1,0,91.66666666666667,0.0,8.333333333333334,0.0,-83.33,,,,12,12,,,,4.0,4.0,,,0.03,0.03,0.03
2020-01-04,1,1,0,0,0,,13,12,0,1,0,92.3076923076923,0.0,7.6923076923076925,0.0,0.0,,,,13,13,,,,3.25,3.25,,,0.03,0.03,0.03
2020-01-05,2,2,0,0,0,,15,14,0,1,0,93.33333333333333,0.0,6.666666666666667,0.0,100.0,,,,15,15,,,,3.0,3.0,,,0.03,0.03,0.03
2020-01-06,1,0,0,1,0,,16,14,0,2,0,87.5,0.0,12.5,0.0,-50.0,,,,16,16,,,,2.67,2.67,,,0.03,0.03,0.03
2020-01-07,2,2,0,0,0,,18,16,0,2,0,88.88888888888889,0.0,11.11111111111111,0.0,100.0,,,,18,18,,,,2.57,2.57,,,0.04,0.04,0.04
2020-01-08,2,1,0,1,0,,20,17,0,3,0,85.0,0.0,15.0,0.0,0.0,,,,15,20,,,,2.14,2.5,,,0.03,0.04,0.04
2020-01-09,0,0,0,0,0,,20,17,0,3,0,85.0,0.0,15.0,0.0,-100.0,,,,9,20,,,,1.29,2.22,,,0.02,0.04,0.04
2020-01-10,2,2,0,0,0,,22,19,0,3,0,86.36363636363636,0.0,13.636363636363637,0.0,inf,,,,10,22,,,,1.43,2.2,,,0.02,0.05,0.05
2020-01-11,2,2,0,0,0,,24,21,0,3,0,87.5,0.0,12.5,0.0,0.0,,,,11,24,,,,1.57,2.18,,,0.02,0.05,0.05
2020-01-12,2,2,0,0,0,,26,23,0,3,0,88.46153846153847,0.0,11.538461538461538,0.0,0.0,,,,11,26,,,,1.57,2.17,,,0.02,0.05,0.05
2020-01-13,2,2,0,0,0,,28,25,0,3,0,89.28571428571429,0.0,10.714285714285714,0.0,0.0,,,,12,28,,,,1.71,2.15,,,0.03,0.06,0.06
2020-01-14,1,0,1,0,0,,29,25,1,3,0,86.20689655172414,3.4482758620689653,10.344827586206897,0.0,-50.0,,,,11,29,,,,1.57,2.07,,,0.02,0.06,0.06
2020-01-15,1,1,0,0,0,,30,26,1,3,0,86.66666666666667,3.3333333333333335,10.0,0.0,0.0,,,,10,25,,,,1.43,1.79,,,0.02,0.05,0.06
2020-01-16,2,2,0,0,0,,32,28,1,3,0,87.5,3.125,9.375,0.0,100.0,,,,12,21,,,,1.71,1.5,,,0.03,0.04,0.07
2020-01-17,2,2,0,0,0,,34,30,1,3,0,88.23529411764706,2.9411764705882355,8.823529411764707,0.0,0.0,,,,12,22,,,,1.71,1.57,,,0.03,0.05,0.07
2020-01-18,2,2,0,0,0,,36,32,1,3,0,88.88888888888889,2.7777777777777777,8.333333333333334,0.0,0.0,,,,12,23,,,,1.71,1.64,,,0.03,0.05,0.08
2020-01-19,2,0,0,1,1,,38,32,1,4,1,84.21052631578948,2.6315789473684212,10.526315789473685,2.6315789473684212,0.0,,,,12,23,,,,1.71,1.64,,,0.03,0.05,0.08
2020-01-20,6,6,0,0,0,,44,38,1,4,1,86.36363636363636,2.272727272727273,9.090909090909092,2.272727272727273,200.0,,,,16,28,,,,2.29,2.0,,,0.03,0.06,0.09
2020-01-21,2,1,0,1,0,,46,39,1,5,1,84.78260869565217,2.1739130434782608,10.869565217391305,2.1739130434782608,-66.67,,,,17,28,,,,2.43,2.0,,,0.04,0.06,0.1
2020-01-22,2,2,0,0,0,,48,41,1,5,1,85.41666666666667,2.0833333333333335,10.416666666666666,2.0833333333333335,0.0,,,,18,28,,,,2.57,2.0,,,0.04,0.06,0.1
2020-01-23,4,2,0,2,0,,52,43,1,7,1,82.6923076923077,1.9230769230769231,13.461538461538462,1.9230769230769231,100.0,,,,20,32,,,,2.86,2.29,,,0.04,0.07,0.11
2020-01-24,1,1,0,0,0,,53,44,1,7,1,83.01886792452831,1.8867924528301887,13.20754716981132,1.8867924528301887,-75.0,,,,19,31,,,,2.71,2.21,,,0.04,0.07,0.11
2020-01-25,2,2,0,0,0,,55,46,1,7,1,83.63636363636364,1.8181818181818181,12.727272727272727,1.8181818181818181,100.0,,,,19,31,,,,2.71,2.21,,,0.04,0.07,0.12
2020-01-26,5,4,0,1,0,,60,50,1,8,1,83.33333333333333,1.6666666666666667,13.333333333333334,1.6666666666666667,150.0,,,,22,34,,,,3.14,2.43,,,0.05,0.07,0.13
2020-01-27,5,3,0,2,0,,65,53,1,10,1,81.53846153846153,1.5384615384615385,15.384615384615385,1.5384615384615385,0.0,,,,21,37,,,,3.0,2.64,,,0.04,0.08,0.14
2020-01-28,1,1,0,0,0,,66,54,1,10,1,81.81818181818181,1.5151515151515151,15.151515151515152,1.5151515151515151,-80.0,,,,20,37,,,,2.86,2.64,,,0.04,0.08,0.14
2020-01-29,4,4,0,0,0,,70,58,1,10,1,82.85714285714286,1.4285714285714286,14.285714285714286,1.4285714285714286,300.0,,,,22,40,,,,3.14,2.86,,,0.05,0.08,0.15
2020-01-30,4,3,0,1,0,,74,61,1,11,1,82.43243243243244,1.3513513513513513,14.864864864864865,1.3513513513513513,0.0,,,,22,42,,,,3.14,3.0,,,0.05,0.09,0.16
2020-01-31,7,7,0,0,0,,81,68,1,11,1,83.95061728395062,1.2345679012345678,13.580246913580247,1.2345679012345678,75.0,,,,28,47,,,,4.0,3.36,,,0.06,0.1,0.17
2020-02-01,23,20,0,2,1,,104,88,1,13,2,84.61538461538461,0.9615384615384616,12.5,1.9230769230769231,228.57,,,,49,68,,,,7.0,4.86,,,0.1,0.14,0.22
2020-02-02,14,13,0,1,0,,118,101,1,14,2,85.59322033898304,0.847457627118644,11.864406779661017,1.694915254237288,-39.13,,,,58,80,,,,8.29,5.71,,,0.12,0.17,0.25
2020-02-03,15,14,0,1,0,,133,115,1,15,2,86.46616541353383,0.7518796992481203,11.278195488721805,1.5037593984962405,7.14,,,,68,89,,,,9.71,6.36,,,0.14,0.19,0.28
2020-02-04,11,11,0,0,0,,144,126,1,15,2,87.5,0.6944444444444444,10.416666666666666,1.3888888888888888,-26.67,,,,78,98,,,,11.14,7.0,,,0.16,0.21,0.3
2020-02-05,7,7,0,0,0,,151,133,1,15,2,88.0794701986755,0.6622516556291391,9.933774834437086,1.3245033112582782,-36.36,,,,81,103,,,,11.57,7.36,,,0.17,0.22,0.32
2020-02-06,11,10,1,0,0,,162,143,2,15,2,88.27160493827161,1.2345679012345678,9.25925925925926,1.2345679012345678,57.14,,,,88,110,,,,12.57,7.86,,,0.19,0.23,0.34
2020-02-07,15,14,0,0,1,,177,157,2,15,3,88.70056497175142,1.1299435028248588,8.474576271186441,1.694915254237288,36.36,,,,96,124,,,,13.71,8.86,,,0.2,0.26,0.37
2020-02-08,9,9,0,0,0,,186,166,2,15,3,89.24731182795699,1.075268817204301,8.064516129032258,1.6129032258064515,-40.0,,,,82,131,,,,11.71,9.36,,,0.17,0.28,0.39
2020-02-09,3,3,0,0,0,,189,169,2,15,3,89.41798941798942,1.0582010582010581,7.936507936507937,1.5873015873015872,-66.67,,,,71,129,,,,10.14,9.21,,,0.15,0.27,0.4
2020-02-10,22,21,1,0,0,,211,190,3,15,3,90.04739336492891,1.4218009478672986,7.109004739336493,1.4218009478672986,633.33,,,,78,146,,,,11.14,10.43,,,0.16,0.31,0.44
2020-02-11,16,15,0,1,0,,227,205,3,16,3,90.30837004405286,1.3215859030837005,7.048458149779735,1.3215859030837005,-27.27,,,,83,161,,,,11.86,11.5,,,0.17,0.34,0.48
2020-02-12,25,24,0,0,1,,252,229,3,16,4,90.87301587301587,1.1904761904761905,6.349206349206349,1.5873015873015872,56.25,,,,101,182,,,,14.43,13.0,,,0.21,0.38,0.53
2020-02-13,25,25,0,0,0,1.0,277,254,3,16,4,91.69675090252707,1.0830324909747293,5.776173285198556,1.444043321299639,0.0,1.0,0.0,,115,203,1.0,1.0,0.02,16.43,14.5,1.0,1.0,0.24,0.43,0.58
2020-02-14,19,19,0,0,0,0.0,296,273,3,16,4,92.22972972972973,1.0135135135135136,5.405405405405405,1.3513513513513513,-24.0,1.0,0.0,-100.0,119,215,1.0,1.0,0.02,17.0,15.36,0.5,0.5,0.25,0.45,0.62
2020-02-15,34,34,0,0,0,0.0,330,307,3,16,4,93.03030303030303,0.9090909090909091,4.848484848484849,1.2121212121212122,78.95,1.0,0.0,,144,226,1.0,1.0,0.02,20.57,16.14,0.33,0.33,0.3,0.48,0.7
2020-02-16,25,24,0,0,1,0.0,355,331,3,16,5,93.2394366197183,0.8450704225352113,4.507042253521127,1.408450704225352,-26.47,1.0,0.0,,166,237,1.0,1.0,0.02,23.71,16.93,0.0,0.25,0.35,0.5,0.75
2020-02-17,28,27,1,0,0,0.0,383,358,4,16,5,93.47258485639686,1.0443864229765014,4.177545691906006,1.3054830287206267,12.0,1.0,0.0,,172,250,1.0,1.0,0.02,24.57,17.86,0.0,0.2,0.36,0.53,0.81
2020-02-18,28,28,0,0,0,0.0,411,386,4,16,5,93.91727493917276,0.9732360097323601,3.8929440389294405,1.2165450121654502,0.0,1.0,0.0,,184,267,1.0,1.0,0.02,26.29,19.07,0.0,0.17,0.39,0.56,0.87
2020-02-19,18,18,0,0,0,0.0,429,404,4,16,5,94.17249417249417,0.9324009324009324,3.7296037296037294,1.1655011655011656,-35.71,1.0,0.0,,177,278,1.0,1.0,0.02,25.29,19.86,0.0,0.14,0.37,0.59,0.9
2020-02-20,57,54,2,0,1,0.0,486,458,6,16,6,94.23868312757202,1.2345679012345678,3.292181069958848,1.2345679012345678,216.67,1.0,0.0,,209,324,0.0,1.0,0.0,29.86,23.14,0.0,0.0,0.44,0.68,1.02
2020-02-21,61,58,1,1,1,0.0,547,516,7,17,7,94.3327239488117,1.2797074954296161,3.1078610603290677,1.2797074954296161,7.02,1.0,0.0,,251,370,0.0,1.0,0.0,35.86,26.43,0.0,0.0,0.53,0.78,1.15
2020-02-22,60,60,0,0,0,0.0,607,576,7,17,7,94.89291598023064,1.1532125205930808,2.800658978583196,1.1532125205930808,-1.64,1.0,0.0,,277,421,0.0,1.0,0.0,39.57,30.07,0.0,0.0,0.58,0.89,1.28
2020-02-23,75,73,0,0,2,0.0,682,649,7,17,9,95.16129032258064,1.0263929618768328,2.4926686217008798,1.3196480938416422,25.0,1.0,0.0,,327,493,0.0,1.0,0.0,46.71,35.21,0.0,0.0,0.69,1.04,1.44
2020-02-24,108,105,0,0,3,0.0,790,754,7,17,12,95.44303797468355,0.8860759493670886,2.151898734177215,1.518987341772152,44.0,1.0,0.0,,407,579,0.0,1.0,0.0,58.14,41.36,0.0,0.0,0.86,1.22,1.67
2020-02-25,132,127,2,1,2,0.0,922,881,9,18,14,95.5531453362256,0.9761388286334056,1.9522776572668112,1.5184381778741864,22.22,1.0,0.0,,511,695,0.0,1.0,0.0,73.0,49.64,0.0,0.0,1.08,1.47,1.94
2020-02-26,152,145,1,1,5,0.0,1074,1026,10,19,19,95.53072625698324,0.931098696461825,1.7690875232774674,1.7690875232774674,15.15,1.0,0.0,,645,822,0.0,1.0,0.0,92.14,58.71,0.0,0.0,1.36,1.73,2.26
2020-02-27,184,180,1,1,2,0.0,1258,1206,11,20,21,95.8664546899841,0.8744038155802861,1.589825119236884,1.669316375198728,21.05,1.0,0.0,,772,981,0.0,0.0,0.0,110.29,70.07,0.0,0.0,1.63,2.07,2.65
2020-02-28,321,316,1,2,2,0.0,1579,1522,12,22,23,96.39012032932236,0.759974667511083,1.3932868904369855,1.4566181127295756,74.46,1.0,0.0,,1032,1283,0.0,0.0,0.0,147.43,91.64,0.0,0.0,2.18,2.7,3.33
2020-02-29,244,243,0,1,0,0.0,1823,1765,12,23,23,96.8184311574328,0.6582556226001097,1.2616566099835436,1.2616566099835436,-23.99,1.0,0.0,,1216,1493,0.0,0.0,0.0,173.71,106.64,0.0,0.0,2.56,3.15,3.84
2020-03-01,690,670,9,5,6,0.0,2513,2435,21,28,29,96.89614007162754,0.8356545961002786,1.1142061281337048,1.15399920413848,182.79,1.0,0.0,,1831,2158,0.0,0.0,0.0,261.57,154.14,0.0,0.0,3.86,4.55,5.3
2020-03-02,802,779,11,6,6,0.0,3315,3214,32,34,35,96.95324283559577,0.9653092006033183,1.0256410256410255,1.0558069381598794,16.23,1.0,0.0,,2525,2932,0.0,0.0,0.0,360.71,209.43,0.0,0.0,5.32,6.18,6.99
2020-03-03,795,780,8,0,7,1.0,4110,3994,40,34,42,97.17761557177616,0.9732360097323601,0.8272506082725061,1.0218978102189782,-0.87,2.0,0.0,inf,3188,3699,1.0,1.0,0.02,455.43,264.21,0.33,0.14,6.72,7.8,8.67
2020-03-04,951,936,6,3,6,2.0,5061,4930,46,37,48,97.41157873937956,0.9089112823552657,0.7310808140683659,0.948429164196799,19.62,4.0,0.01,100.0,3987,4632,3.0,3.0,0.06,569.57,330.86,1.0,0.43,8.41,9.77,10.67
2020-03-05,1279,1266,4,4,5,1.0,6340,6196,50,41,53,97.72870662460568,0.7886435331230284,0.6466876971608833,0.8359621451104101,34.49,5.0,0.01,-50.0,5082,5854,4.0,4.0,0.08,726.0,418.14,1.33,0.57,10.71,12.34,13.37
2020-03-06,1620,1596,12,3,9,3.0,7960,7792,62,44,62,97.8894472361809,0.7788944723618091,0.5527638190954773,0.7788944723618091,26.66,8.0,0.02,200.0,6381,7413,7.0,7.0,0.15,911.57,529.5,2.0,1.0,13.45,15.63,16.78
2020-03-07,1855,1816,13,6,20,3.0,9815,9608,75,50,82,97.89098318899643,0.7641365257259297,0.5094243504839532,0.8354559347936832,14.51,11.0,0.02,0.0,7992,9208,10.0,10.0,0.21,1141.71,657.71,2.33,1.43,16.85,19.41,20.69
2020-03-08,2190,2166,12,1,11,14.0,12005,11774,87,51,93,98.07580174927114,0.7246980424822991,0.4248229904206581,0.7746772178259058,18.06,25.0,0.05,366.67,9492,11323,24.0,24.0,0.51,1356.0,808.79,6.67,3.43,20.01,23.87,25.31
2020-03-09,3397,3345,22,4,26,16.0,15402,15119,109,55,119,98.16257628879366,0.7077002986625114,0.35709648097649654,0.7726269315673289,55.11,41.0,0.09,14.29,12087,14612,40.0,40.0,0.84,1726.71,1043.71,11.0,5.71,25.48,30.81,32.47
2020-03-10,4662,4608,27,4,23,26.0,20064,19727,136,59,142,98.32037480063796,0.6778309409888357,0.2940590111642743,0.7077352472089314,37.24,67.0,0.14,62.5,15954,19142,65.0,66.0,1.37,2279.14,1367.29,18.67,9.29,33.64,40.36,42.3
2020-03-11,4731,4666,33,4,28,35.0,24795,24393,169,63,170,98.37870538415002,0.6815890300463803,0.2540834845735027,0.6856221012300867,1.48,102.0,0.22,34.62,19734,23721,98.0,101.0,2.07,2819.14,1694.36,25.67,14.0,41.61,50.01,52.28
2020-03-12,5939,5884,28,5,22,56.0,30734,30277,197,68,192,98.51304743931802,0.6409839265959524,0.2212533350686536,0.6247152990173749,25.53,158.0,0.33,60.0,24394,29476,153.0,157.0,3.23,3484.86,2105.43,39.0,21.86,51.43,62.14,64.8
2020-03-13,7813,7692,60,10,51,79.0,38547,37969,257,78,243,98.50053181829973,0.6667185513788362,0.20235037746128104,0.6303992528601448,31.55,237.0,0.5,41.07,30587,36968,229.0,236.0,4.83,4369.57,2640.57,56.67,32.71,64.49,77.94,81.27
2020-03-14,7446,7359,30,13,44,104.0,45993,45328,287,91,287,98.55412780205684,0.6240080012175766,0.1978561955080121,0.6240080012175766,-4.7,341.0,0.72,31.65,36178,44170,330.0,340.0,6.96,5168.29,3155.0,79.67,47.14,76.27,93.12,96.97
2020-03-15,7930,7787,77,19,47,129.0,53923,53115,364,110,334,98.50156704931105,0.6750366263004655,0.2039945848710198,0.6194017395174601,6.5,470.0,0.99,24.04,41918,51410,445.0,469.0,9.38,5988.29,3672.14,104.0,63.57,88.38,108.39,113.69
2020-03-16,9466,9314,65,13,74,178.0,63389,62429,429,123,408,98.48554165549228,0.6767735727018883,0.1940399753900519,0.6436447964157819,19.37,648.0,1.37,37.98,47987,60074,607.0,647.0,12.8,6855.29,4291.0,137.0,86.71,101.17,126.65,133.64
2020-03-17,8828,8697,71,16,44,186.0,72217,71126,500,139,452,98.48927537837352,0.6923577550992148,0.19247545591758172,0.6258914106096902,-6.74,834.0,1.76,4.49,52153,68107,767.0,832.0,16.17,7450.43,4864.79,164.33,109.57,109.95,143.59,152.26
2020-03-18,8955,8812,85,6,52,238.0,81172,79938,585,145,504,98.4797713497265,0.7206918641896221,0.17863302616665847,0.6209037599172128,1.44,1072.0,2.26,27.96,56377,76111,970.0,1068.0,20.45,8053.86,5436.5,200.67,138.57,118.86,160.47,171.14
2020-03-19,8648,8499,82,12,55,314.0,89820,88437,667,157,559,98.46025384101536,0.7425963037185482,0.17479403250946338,0.6223558227566244,-3.43,1386.0,2.92,31.93,59086,83480,1228.0,1381.0,25.89,8440.86,5962.86,246.0,175.43,124.57,176.0,189.37
2020-03-20,10651,10448,122,16,65,428.0,100471,98885,789,173,624,98.42143504095709,0.7853012312010431,0.1721889898577699,0.621074737984095,23.16,1814.0,3.82,36.31,61924,92511,1577.0,1806.0,33.25,8846.29,6607.93,326.67,225.29,130.56,195.04,211.82
2020-03-21,7424,7304,74,12,34,501.0,107895,106189,863,185,658,98.41883312479726,0.7998517076787618,0.17146299643171603,0.6098521710922656,-30.3,2315.0,4.88,17.06,61902,98080,1974.0,2304.0,41.62,8843.14,7005.71,414.33,282.0,130.51,206.78,227.48
2020-03-22,6772,6623,98,3,48,541.0,114667,112812,961,188,706,98.38227214455772,0.8380789590727934,0.1639530117645007,0.6156958846049866,-8.78,2856.0,6.02,7.98,60744,102662,2386.0,2831.0,50.3,8677.71,7333.0,490.0,340.86,128.07,216.44,241.75
2020-03-23,8272,8093,115,16,48,679.0,122939,120905,1076,204,754,98.34552094941394,0.8752308055214375,0.1659359519761833,0.6133122930884423,22.15,3535.0,7.45,25.51,59550,107537,2887.0,3494.0,60.87,8507.14,7681.21,573.67,412.43,125.55,226.72,259.19
2020-03-24,7113,6931,117,10,55,713.0,130052,127836,1193,214,809,98.29606618890905,0.9173253775412912,0.16454956478946883,0.6220588687601882,-14.01,4248.0,8.96,5.01,57835,109988,3414.0,4181.0,71.98,8262.14,7856.29,644.33,487.71,121.93,231.89,274.19
2020-03-25,6938,6745,136,9,48,809.0,136990,134581,1329,223,857,98.24147748010803,0.9701438061172348,0.1627856047886707,0.6255931089860574,-2.46,5057.0,10.66,13.46,55818,112195,3985.0,4955.0,84.02,7974.0,8013.93,733.67,569.29,117.68,236.54,288.82
2020-03-26,6351,6197,114,7,33,853.0,143341,140778,1443,230,890,98.21195610467348,1.006690339819033,0.16045653372028937,0.6208970217872067,-8.46,5910.0,12.46,5.44,53521,112607,4524.0,5752.0,95.38,7645.86,8043.36,791.67,646.29,112.84,237.41,302.21
2020-03-27,6055,5881,112,15,47,900.0,149396,146659,1555,245,937,98.16795630405097,1.0408578542932876,0.16399368122305819,0.6271921604326756,-4.66,6810.0,14.36,5.51,48925,110849,4996.0,6573.0,105.33,6989.29,7917.79,854.0,713.71,103.15,233.7,314.97
2020-03-28,5364,5225,92,9,38,832.0,154760,151884,1647,254,975,98.14163866632205,1.0642284828120963,0.16412509692426983,0.6300077539415869,-11.41,7642.0,16.11,-7.56,46865,108767,5327.0,7301.0,112.31,6695.0,7769.07,861.67,761.0,98.81,229.32,326.28
2020-03-29,4238,4114,81,5,38,800.0,158998,155998,1728,259,1013,98.11318381363287,1.0868061233474635,0.16289513075636172,0.637114932263299,-20.99,8442.0,17.8,-3.85,44331,105075,5586.0,7972.0,117.77,6333.0,7505.36,844.0,798.0,93.46,221.53,335.22
2020-03-30,5136,4954,120,14,48,906.0,164134,160952,1848,273,1061,98.06134012453239,1.1259093179962714,0.16632751288581282,0.6464230445855216,21.19,9348.0,19.71,13.25,41195,100745,5813.0,8700.0,122.56,5885.0,7196.07,846.0,830.43,86.85,212.4,346.05
2020-03-31,4400,4259,99,5,37,889.0,168534,165211,1947,278,1098,98.0282910273298,1.1552565061055928,0.16495187914604767,0.6515005874185624,-14.33,10237.0,21.58,-1.88,38482,96317,5989.0,9403.0,126.27,5497.43,6879.79,865.0,855.57,81.13,203.07,355.32
2020-04-01,5465,5264,155,12,34,887.0,173999,170475,2102,290,1132,97.97470100402876,1.208052919844367,0.16666762452657774,0.6505784516002966,24.2,11124.0,23.45,-0.22,37009,92827,6067.0,10052.0,127.91,5287.0,6630.5,894.0,866.71,78.03,195.71,366.84
2020-04-02,4445,4308,96,7,34,840.0,178444,174783,2198,297,1166,97.94837596108583,1.231758983210419,0.16643877070677635,0.6534262849969739,-18.66,11964.0,25.22,-5.3,35103,88624,6054.0,10578.0,127.64,5014.71,6330.29,872.0,864.86,74.01,186.85,376.22
2020-04-03,4459,4332,98,4,25,774.0,182903,179115,2296,301,1191,97.92895687878274,1.2553101917409775,0.16456810440506717,0.6511648250712126,0.31,12738.0,26.86,-7.86,33507,82432,5928.0,10924.0,124.98,4786.71,5888.0,833.67,846.86,70.64,173.79,385.62
2020-04-04,3663,3532,105,3,23,732.0,186566,182647,2401,304,1214,97.89940289227405,1.2869440305307505,0.16294501677690468,0.650708060418297,-17.85,13470.0,28.4,-5.43,31806,78671,5828.0,11155.0,122.87,4543.71,5619.36,782.0,832.57,67.06,165.86,393.34
2020-04-05,3201,3074,101,4,22,734.0,189767,185721,2502,308,1236,97.86791170224538,1.318458952294129,0.16230429948305028,0.6513250459774355,-12.61,14204.0,29.95,0.27,30769,75100,5762.0,11348.0,121.48,4395.57,5364.29,746.67,823.14,64.87,158.33,400.09
2020-04-06,3524,3349,125,6,44,752.0,193291,189070,2627,314,1280,97.81624597110057,1.3590906974458201,0.16244936391244288,0.6622139675411685,10.09,14956.0,31.53,2.45,29157,70352,5608.0,11421.0,118.23,4165.29,5025.14,739.33,801.14,61.47,148.32,407.52
2020-04-07,3190,3041,104,6,39,730.0,196481,192111,2731,320,1319,97.7758663687583,1.3899562807599717,0.16286562059435772,0.6713117298873682,-9.48,15686.0,33.07,-2.93,27947,66429,5449.0,11438.0,114.88,3992.43,4744.93,738.67,778.43,58.92,140.05,414.24
2020-04-08,3474,3347,99,6,22,736.0,199955,195458,2830,326,1341,97.75099397364407,1.4153184466504964,0.16303668325373208,0.6706508964517016,8.9,16422.0,34.62,0.82,25956,62965,5298.0,11365.0,111.7,3708.0,4497.5,739.33,756.86,54.72,132.75,421.57
2020-04-09,3277,3125,109,3,40,664.0,203232,198583,2939,329,1381,97.71246654070225,1.4461305306250984,0.16188395528263266,0.6795189733900173,-5.67,17086.0,36.02,-9.78,24788,59891,5122.0,11176.0,107.99,3541.14,4277.93,710.0,731.71,52.26,126.27,428.48
2020-04-10,3167,3002,103,3,59,669.0,206399,201585,3042,332,1440,97.66762435864514,1.4738443500210756,0.16085349250723113,0.6976777988265447,-3.36,17755.0,37.43,0.75,23496,57003,5017.0,10945.0,105.77,3356.57,4071.64,689.67,716.71,49.54,120.18,435.15
2020-04-11,2871,2756,84,3,28,623.0,209270,204341,3126,335,1468,97.64466956563291,1.493764036890142,0.16008027906532232,0.7014861184116213,-9.35,18378.0,38.75,-6.88,22704,54510,4908.0,10736.0,103.48,3243.43,3893.57,652.0,701.14,47.87,114.92,441.21
2020-04-12,2259,2155,69,4,31,541.0,211529,206496,3195,339,1499,97.62065721484997,1.5104311938315786,0.16026171352391397,0.708649877794534,-21.32,18919.0,39.89,-13.16,21762,52531,4715.0,10477.0,99.41,3108.86,3752.21,611.0,673.57,45.88,110.75,445.97
2020-04-13,2185,2049,90,5,41,585.0,213714,208545,3285,344,1540,97.5813470338864,1.5371009854291249,0.16096278203580486,0.7205891986486613,-3.28,19504.0,41.12,8.13,20423,49580,4548.0,10156.0,95.89,2917.57,3541.43,583.0,649.71,43.06,104.53,450.58
2020-04-14,2250,2122,91,6,31,602.0,215964,210667,3376,350,1571,97.54727639791817,1.5632235002129984,0.16206404771165564,0.7274360541571744,2.97,20106.0,42.39,2.91,19483,47430,4420.0,9869.0,93.19,2783.29,3387.86,576.0,631.43,41.08,100.0,455.32
2020-04-15,2375,2271,69,4,31,551.0,218339,212938,3445,354,1602,97.52632374426923,1.5778216443237352,0.1621331965429905,0.7337214148640417,5.56,20657.0,43.55,-8.47,18384,44340,4235.0,9533.0,89.29,2626.29,3167.14,579.33,605.0,38.76,93.48,460.33
2020-04-16,2287,2192,65,5,25,482.0,220626,215130,3510,359,1627,97.50890647521145,1.590927633189198,0.1627188092065305,0.7374470823928276,-3.71,21139.0,44.57,-12.52,17394,42182,4053.0,9175.0,85.45,2484.86,3013.0,545.0,579.0,36.67,88.93,465.15
2020-04-17,1907,1805,73,3,26,499.0,222533,216935,3583,362,1653,97.48441804136914,1.610098277558834,0.16267250250524642,0.7428111785667744,-16.62,21638.0,45.62,3.53,16134,39630,3883.0,8900.0,81.87,2304.86,2830.71,510.67,554.71,34.02,83.55,469.17
2020-04-18,1668,1602,48,2,16,434.0,224201,218537,3631,364,1669,97.47369547861071,1.6195289048666153,0.1623543159932382,0.7444213005294357,-12.53,22072.0,46.53,-13.03,14931,37635,3694.0,8602.0,77.88,2133.0,2688.21,471.67,527.71,31.48,79.35,472.69
2020-04-19,1143,1072,57,6,8,398.0,225344,219609,3688,370,1677,97.45500213007668,1.6366089179210452,0.16419341096279466,0.7441955410394774,-31.47,22470.0,47.37,-8.29,13815,35577,3551.0,8266.0,74.87,1973.57,2541.21,443.67,507.29,29.13,75.01,475.1
2020-04-20,1480,1385,68,6,21,385.0,226824,220994,3756,376,1698,97.42972524953268,1.6559094275738018,0.16576729093923043,0.7485980319542905,29.48,22855.0,48.19,-3.27,13110,33533,3351.0,7899.0,70.65,1872.86,2395.21,405.67,478.71,27.64,70.7,478.22
2020-04-21,1323,1238,52,8,25,424.0,228147,222232,3808,384,1723,97.40737331632675,1.669099308778989,0.1683125353390577,0.7552148395551991,-10.61,23279.0,49.08,10.13,12183,31666,3173.0,7593.0,66.9,1740.43,2261.86,402.33,453.29,25.69,66.76,481.01
2020-04-22,1469,1401,53,8,7,339.0,229616,223633,3861,392,1730,97.39434534178802,1.6815030311476553,0.1707198104661696,0.7534318165981465,11.04,23618.0,49.79,-20.05,11277,29661,2961.0,7196.0,62.43,1611.0,2118.64,382.67,423.0,23.78,62.53,484.1
2020-04-23,1181,1123,52,1,5,330.0,230797,224756,3913,393,1735,97.38254830002123,1.6954293166722272,0.17027950969899955,0.7517428736075425,-19.61,23948.0,50.49,-2.65,10171,27565,2809.0,6862.0,59.22,1453.0,1968.93,364.33,401.29,21.44,58.12,486.59
2020-04-24,1119,1063,42,2,12,329.0,231916,225819,3955,395,1747,97.37103089049484,1.705358836820228,0.17032028838027563,0.753289984304662,-5.25,24277.0,51.18,-0.3,9383,25517,2639.0,6522.0,55.64,1340.43,1822.64,332.67,377.0,19.78,53.8,488.95
2020-04-25,744,678,52,3,11,294.0,232660,226497,4007,398,1758,97.35107023123872,1.7222556520244132,0.17106507349780797,0.7556090432390613,-33.51,24571.0,51.8,-10.64,8459,23390,2499.0,6193.0,52.69,1208.43,1670.71,317.67,357.0,17.83,49.31,490.52
2020-04-26,558,512,40,2,4,269.0,233218,227009,4047,400,1762,97.3376840552616,1.735286298656193,0.17151334802631016,0.7555162980558962,-25.0,24840.0,52.37,-8.5,7874,21689,2370.0,5921.0,49.97,1124.86,1549.21,297.33,338.57,16.6,45.73,491.7
2020-04-27,703,625,57,9,12,257.0,233921,227634,4104,409,1774,97.31234049102048,1.7544384642678512,0.17484535377328242,0.7583756909383937,25.99,25097.0,52.91,-4.46,7097,20207,2242.0,5593.0,47.27,1013.86,1443.36,273.33,320.29,14.96,42.6,493.18
2020-04-28,852,787,45,7,13,259.0,234773,228421,4149,416,1787,97.29440778965213,1.7672389925587695,0.1771924369497344,0.761160780839364,21.19,25356.0,53.46,0.78,6626,18809,2077.0,5250.0,43.79,946.57,1343.5,261.67,296.71,13.97,39.66,494.98
2020-04-29,747,698,40,2,7,235.0,235520,229119,4189,418,1794,97.28218410326087,1.778617527173913,0.17747961956521738,0.76171875,-12.32,25591.0,53.95,-9.27,5904,17181,1973.0,4934.0,41.6,843.43,1227.21,250.33,281.86,12.45,36.22,496.55
2020-04-30,746,675,52,4,15,221.0,236266,229794,4241,422,1809,97.26071461826923,1.7950107082694928,0.17861224213386606,0.7656624313274022,-0.13,25812.0,54.42,-5.96,5469,15640,1864.0,4673.0,39.3,781.29,1117.14,238.33,266.29,11.53,32.97,498.12
2020-05-01,725,686,26,10,3,175.0,236991,230480,4267,432,1812,97.25263828584208,1.800490313978168,0.18228540324316114,0.7645859969365926,-2.82,25987.0,54.79,-20.81,5075,14458,1710.0,4349.0,36.05,725.0,1032.71,210.33,244.29,10.7,30.48,499.65
2020-05-02,658,609,33,6,10,198.0,237649,231089,4300,438,1822,97.2396265080013,1.8093911609137847,0.18430542522796226,0.7666769058569571,-9.24,26185.0,55.21,13.14,4989,13448,1614.0,4113.0,34.03,712.71,960.57,198.0,230.57,10.52,28.35,501.04
2020-05-03,445,408,24,6,7,196.0,238094,231497,4324,444,1829,97.22924559207708,1.8160894436651072,0.18648096970104244,0.7681839945567717,-32.37,26381.0,55.62,-1.01,4876,12750,1541.0,3911.0,32.49,696.57,910.71,189.67,220.14,10.28,26.88,501.98
2020-05-04,503,447,33,7,16,185.0,238597,231944,4357,451,1845,97.21161623993596,1.8260916943632988,0.1890216557626458,0.7732704099380965,13.03,26566.0,56.01,-5.61,4676,11773,1469.0,3711.0,30.97,668.0,840.93,193.0,209.86,9.86,24.82,503.04
2020-05-05,305,262,33,3,7,181.0,238902,232206,4390,454,1852,97.19717708516463,1.8375735657298808,0.19003608174063005,0.775213267364861,-39.36,26747.0,56.39,-2.16,4129,10755,1391.0,3468.0,29.33,589.86,768.21,187.33,198.71,8.71,22.67,503.68
2020-05-06,294,254,24,6,10,151.0,239196,232460,4414,460,1862,97.18389939631098,1.8453485844244888,0.19231090820916738,0.7784411110553688,-3.61,26898.0,56.71,-16.57,3676,9580,1307.0,3280.0,27.56,525.14,684.29,172.33,186.71,7.75,20.2,504.3
2020-05-07,310,278,21,2,9,164.0,239506,232738,4435,462,1871,97.17418352776131,1.8517281404223693,0.19289704642054897,0.781191285395773,5.44,27062.0,57.06,8.61,3240,8709,1250.0,3114.0,26.35,462.86,622.07,165.33,178.57,6.83,18.36,504.95
2020-05-08,291,251,24,8,8,145.0,239797,232989,4459,470,1879,97.16093195494523,1.8594894848559407,0.1959991159188814,0.7835794442799534,-6.13,27207.0,57.36,-11.59,2806,7881,1220.0,2930.0,25.72,400.86,562.93,153.33,174.29,5.92,16.62,505.57
2020-05-09,231,198,23,6,4,125.0,240028,233187,4482,476,1883,97.14991584315163,1.8672821504157848,0.19831019714366657,0.7844918092889163,-20.62,27332.0,57.62,-13.79,2379,7368,1147.0,2761.0,24.18,339.86,526.29,144.67,163.86,5.02,15.53,506.05
2020-05-10,263,248,9,5,1,110.0,240291,233435,4491,481,1884,97.14679284700634,1.8689838570732986,0.20017395574532545,0.7840493401750378,13.85,27442.0,57.86,-12.0,2197,7073,1061.0,2602.0,22.37,313.86,505.21,126.67,151.57,4.63,14.91,506.61
2020-05-11,542,487,11,44,0,122.0,240833,233922,4502,525,1884,97.13037665104035,1.8693451478825576,0.21799338130571808,0.7822848197713769,106.08,27564.0,58.11,10.91,2236,6912,998.0,2467.0,21.04,319.43,493.71,119.0,142.57,4.71,14.57,507.75
2020-05-12,496,444,10,41,1,112.0,241329,234366,4512,566,1885,97.1147271981403,1.8696468306751364,0.23453459799692536,0.7810913731876401,-8.49,27676.0,58.35,-8.2,2427,6556,929.0,2320.0,19.59,346.71,468.29,114.67,132.71,5.12,13.82,508.8
2020-05-13,539,495,1,43,0,87.0,241868,234861,4513,609,1885,97.10296525377478,1.865893793308747,0.2517902326889047,0.7793507202275621,8.67,27763.0,58.53,-22.32,2672,6348,865.0,2172.0,18.24,381.71,453.43,107.0,123.57,5.63,13.38,509.93
2020-05-14,503,448,3,52,0,85.0,242371,235309,4516,661,1885,97.08628507535967,1.8632592183058203,0.27272239665636566,0.777733309678138,-6.68,27848.0,58.71,-2.3,2865,6105,786.0,2036.0,16.57,409.29,436.07,94.67,112.29,6.04,12.87,510.99
2020-05-15,535,486,1,48,0,77.0,242906,235795,4517,709,1885,97.0725301145299,1.8595670753295515,0.2918824565881452,0.776020353552403,6.36,27925.0,58.87,-9.41,3109,5915,718.0,1938.0,15.14,444.14,422.5,83.0,102.57,6.55,12.47,512.12
2020-05-16,304,296,2,5,1,63.0,243210,236091,4519,714,1886,97.07289996299494,1.858065046667489,0.2935734550388553,0.7754615352987131,-43.18,27988.0,59.01,-18.18,3182,5561,656.0,1803.0,13.83,454.57,397.21,75.0,93.71,6.71,11.72,512.76
2020-05-17,267,259,0,8,0,60.0,243477,236350,4519,722,1886,97.07282412712495,1.8560274687136773,0.29653724992504427,0.7746111542363344,-12.17,28048.0,59.13,-4.76,3186,5383,606.0,1667.0,12.78,455.14,384.5,66.67,86.57,6.72,11.35,513.33
2020-05-18,514,471,0,42,1,71.0,243991,236821,4519,764,1887,97.0613670176359,1.8521174961371527,0.313126303839076,0.7733891823878749,92.51,28119.0,59.28,18.33,3158,5394,555.0,1553.0,11.7,451.14,385.29,64.67,79.29,6.66,11.37,514.41
2020-05-19,544,482,0,61,1,67.0,244535,237303,4519,825,1888,97.04255014619584,1.8479972192119738,0.3373750178910994,0.7720776167010858,5.84,28186.0,59.42,-5.63,3206,5633,510.0,1439.0,10.75,458.0,402.36,66.0,72.86,6.76,11.88,515.56
2020-05-20,439,382,0,57,0,56.0,244974,237685,4519,882,1888,97.02458220056006,1.844685558467429,0.36003820813637366,0.7706940328361377,-19.3,28242.0,59.54,-16.42,3106,5778,479.0,1344.0,10.1,443.71,412.71,64.67,68.43,6.55,12.18,516.48
2020-05-21,484,410,0,73,1,68.0,245458,238095,4519,955,1889,97.00030147723847,1.8410481630258537,0.3890685982938018,0.769581761441876,10.25,28310.0,59.69,21.43,3087,5952,462.0,1248.0,9.74,441.0,425.14,63.67,66.0,6.51,12.55,517.5
2020-05-22,530,451,0,77,2,71.0,245988,238546,4519,1032,1891,96.9746491698782,1.837081483649609,0.4195326601297624,0.7687366863424232,9.5,28381.0,59.84,4.41,3082,6191,456.0,1174.0,9.61,440.29,442.21,65.0,65.14,6.5,13.05,518.62
2020-05-23,302,288,0,14,0,58.0,246290,238834,4519,1046,1891,96.97267448942304,1.834828860286654,0.4247025863819075,0.7677940639084007,-43.02,28439.0,59.96,-18.31,3080,6262,451.0,1107.0,9.51,440.0,447.29,65.67,64.43,6.49,13.2,519.26
2020-05-24,264,259,1,4,0,55.0,246554,239093,4520,1050,1891,96.973888073201,1.8332697907963367,0.4258701947646357,0.7669719412380249,-12.58,28494.0,60.07,-5.17,3077,6263,446.0,1052.0,9.4,439.57,447.36,61.33,63.71,6.49,13.2,519.81
2020-05-25,528,458,0,69,1,66.0,247082,239551,4520,1119,1892,96.95202402441295,1.829352198865154,0.45288608640046624,0.7657376903214318,100.0,28560.0,60.21,20.0,3091,6249,441.0,996.0,9.3,441.57,446.36,59.67,63.0,6.52,13.17,520.93
2020-05-26,531,462,0,68,1,56.0,247613,240013,4520,1187,1893,96.93069426887926,1.8254291979823354,0.4793770924789894,0.7644994406594161,0.57,28616.0,60.33,-15.15,3078,6284,430.0,940.0,9.07,439.71,448.86,59.0,61.43,6.49,13.25,522.05
2020-05-27,395,348,1,46,0,45.0,248008,240361,4521,1233,1893,96.91663172155737,1.8229250669333248,0.49716138189090675,0.7632818296183994,-25.61,28661.0,60.43,-19.64,3034,6140,419.0,898.0,8.83,433.43,438.57,55.67,59.86,6.4,12.95,522.88
2020-05-28,498,432,1,65,0,40.0,248506,240793,4522,1298,1893,96.89625200196373,1.8196743740593788,0.5223213926424312,0.7617522313344547,26.08,28701.0,60.51,-11.11,3048,6135,391.0,853.0,8.24,435.43,438.21,47.0,55.86,6.43,12.93,523.93
2020-05-29,467,416,1,50,0,43.0,248973,241209,4523,1348,1893,96.88158956995336,1.8166628509918745,0.5414241704923827,0.7603234085623742,-6.22,28744.0,60.6,7.5,2985,6067,363.0,819.0,7.65,426.43,433.36,42.67,51.86,6.29,12.79,524.91
2020-05-30,271,261,0,10,0,43.0,249244,241470,4523,1358,1893,96.88096804737526,1.8146876153488147,0.5448476192004622,0.7594967180754602,-41.97,28787.0,60.69,0.0,2954,6034,348.0,799.0,7.34,422.0,431.0,42.0,49.71,6.23,12.72,525.48
2020-05-31,210,199,0,11,0,39.0,249454,241669,4523,1369,1893,96.87918413815774,1.8131599413118251,0.5487985760901809,0.7588573444402575,-22.51,28826.0,60.77,-9.3,2900,5977,332.0,778.0,7.0,414.29,426.93,41.67,47.43,6.11,12.6,525.93
2020-06-01,390,372,1,17,0,34.0,249844,242041,4524,1386,1893,96.87685115512079,1.8107298954547637,0.5547461616048415,0.7576727878195995,85.71,28860.0,60.85,-12.82,2762,5853,300.0,741.0,6.32,394.57,418.07,38.67,42.86,5.82,12.34,526.75
2020-06-02,367,338,0,29,0,46.0,250211,242379,4524,1415,1893,96.86984185347566,1.8080739855561905,0.5655226988421772,0.7565614621259656,-5.9,28906.0,60.94,35.29,2598,5676,290.0,720.0,6.11,371.14,405.43,39.67,41.43,5.48,11.97,527.52
2020-06-03,413,380,0,33,0,38.0,250624,242759,4524,1448,1893,96.86183286516854,1.8050944841675178,0.5777579162410623,0.7553147344228804,12.53,28944.0,61.02,-17.39,2616,5650,283.0,702.0,5.97,373.71,403.57,39.33,40.43,5.52,11.91,528.39
2020-06-04,365,321,0,44,0,45.0,250989,243080,4524,1492,1893,96.8488658865528,1.8024694309312361,0.5944483622788249,0.7542163202371419,-11.62,28989.0,61.12,18.42,2483,5531,288.0,679.0,6.07,354.71,395.07,43.0,41.14,5.23,11.66,529.16
2020-06-05,448,420,0,28,0,23.0,251437,243500,4524,1520,1893,96.84334445606653,1.7992578657874536,0.604525189212407,0.7528724889336096,22.74,29012.0,61.17,-48.89,2464,5449,268.0,631.0,5.65,352.0,389.21,35.33,38.29,5.19,11.49,530.11
2020-06-06,225,219,0,6,0,30.0,251662,243719,4524,1526,1893,96.84378253371585,1.7976492279327034,0.6063688598199172,0.7521993785315224,-49.78,29042.0,61.23,30.43,2418,5372,255.0,603.0,5.38,345.43,383.71,32.67,36.43,5.1,11.33,530.58
2020-06-07,185,177,0,7,1,20.0,251847,243896,4524,1533,1894,96.84292447398619,1.796328723391583,0.6087029029529833,0.7520438996692437,-17.78,29062.0,61.27,-33.33,2393,5293,236.0,568.0,4.98,341.86,378.07,24.33,33.71,5.05,11.16,530.97
2020-06-08,375,350,0,25,0,27.0,252222,244246,4524,1558,1894,96.83770646493961,1.7936579679805886,0.6177097953390267,0.750925771740768,102.7,29089.0,61.33,35.0,2378,5140,229.0,529.0,4.83,339.71,367.14,25.67,32.71,5.01,10.84,531.76
2020-06-09,314,271,1,42,0,13.0,252536,244517,4525,1600,1894,96.82461114454969,1.7918237399816264,0.6335730351316248,0.7499920803370609,-16.27,29102.0,61.36,-51.85,2325,4923,196.0,486.0,4.13,332.14,351.64,20.0,28.0,4.9,10.38,532.43
2020-06-10,323,266,1,55,1,29.0,252859,244783,4526,1655,1895,96.80612515275311,1.7899303564437097,0.6545149668392266,0.7494295239639482,2.87,29131.0,61.42,123.08,2235,4851,187.0,470.0,3.94,319.29,346.5,23.0,26.71,4.71,10.23,533.11
2020-06-11,292,244,0,47,1,24.0,253151,245027,4526,1702,1896,96.79084814991843,1.7878657402103884,0.6723260030574637,0.7489601068137198,-9.6,29155.0,61.47,-17.24,2162,4645,166.0,454.0,3.5,308.86,331.79,22.0,23.71,4.56,9.79,533.72
2020-06-12,332,302,0,30,0,19.0,253483,245329,4526,1732,1896,96.78321623146326,1.7855240785378113,0.6832805355783228,0.747979154420612,13.7,29174.0,61.51,-20.83,2046,4510,162.0,430.0,3.42,292.29,322.14,24.0,23.14,4.31,9.51,534.42
2020-06-13,120,112,0,8,0,20.0,253603,245441,4526,1740,1896,96.7815838140716,1.7846792033217274,0.6861117573530282,0.7476252252536445,-63.86,29194.0,61.55,5.26,1941,4359,152.0,407.0,3.2,277.29,311.36,21.0,21.71,4.09,9.19,534.67
2020-06-14,146,138,0,8,0,17.0,253749,245579,4526,1748,1896,96.78028287796208,1.7836523493688645,0.6888697098313687,0.7471950628376861,21.67,29211.0,61.59,-15.0,1902,4295,149.0,385.0,3.14,271.71,306.79,18.67,21.29,4.01,9.06,534.98
2020-06-15,309,283,0,26,0,20.0,254058,245862,4526,1774,1896,96.77396500011808,1.7814829684560218,0.6982657503404734,0.7462862810854214,111.64,29231.0,61.63,17.65,1836,4214,142.0,371.0,2.99,262.29,301.0,19.0,20.29,3.87,8.88,535.63
2020-06-16,271,256,0,15,0,12.0,254329,246118,4526,1789,1896,96.77150462589795,1.7795847111418674,0.7034195864411844,0.745491076518997,-12.3,29243.0,61.65,-40.0,1793,4118,141.0,337.0,2.97,256.14,294.14,16.33,20.14,3.78,8.68,536.21
2020-06-17,288,268,0,19,1,23.0,254617,246386,4526,1808,1897,96.76730147633505,1.777571803925111,0.7100861293629255,0.745040590376919,6.27,29266.0,61.7,91.67,1758,3993,135.0,322.0,2.85,251.14,285.21,18.33,19.29,3.71,8.42,536.81
2020-06-18,291,273,0,18,0,11.0,254908,246659,4526,1826,1897,96.76393051610778,1.7755425486842311,0.7163368744802047,0.744190060727792,1.04,29277.0,61.73,-52.17,1757,3919,122.0,288.0,2.57,251.0,279.93,15.33,17.43,3.7,8.26,537.43
2020-06-19,267,249,0,18,0,19.0,255175,246908,4526,1844,1897,96.76026256490644,1.773684726168316,0.7226413245811698,0.7434113843440776,-8.25,29296.0,61.77,72.73,1692,3738,122.0,284.0,2.57,241.71,267.0,17.67,17.43,3.57,7.88,537.99
2020-06-20,243,239,0,4,0,12.0,255418,247147,4526,1848,1897,96.76177873133452,1.771997275055008,0.7235198772208693,0.7427041163896045,-8.99,29308.0,61.79,-36.84,1815,3756,114.0,266.0,2.4,259.29,268.29,14.0,16.29,3.83,7.92,538.5
2020-06-21,230,225,0,5,0,15.0,255648,247372,4526,1853,1897,96.76273626236075,1.7704030541995244,0.724824759043685,0.7420359243960446,-5.35,29323.0,61.82,25.0,1899,3801,112.0,261.0,2.36,271.29,271.5,15.33,16.0,4.0,8.01,538.99
2020-06-22,297,270,0,27,0,6.0,255945,247642,4526,1880,1897,96.75594365977065,1.7683486686592822,0.7345328097833519,0.741174861786712,29.13,29329.0,61.83,-60.0,1887,3723,98.0,240.0,2.07,269.57,265.93,11.0,14.0,3.98,7.85,539.61
2020-06-23,333,306,0,27,0,9.0,256278,247948,4526,1907,1897,96.74962345577849,1.766050929069214,0.7441138139052124,0.7402118012470833,12.12,29338.0,61.85,50.0,1949,3742,95.0,236.0,2.0,278.43,267.29,10.0,13.57,4.11,7.89,540.31
2020-06-24,391,385,0,6,0,12.0,256669,248333,4526,1913,1897,96.7522373173231,1.7633605928257796,0.7453178997074053,0.739084190143726,17.42,29350.0,61.88,33.33,2052,3810,84.0,219.0,1.77,293.14,272.14,9.0,12.0,4.33,8.03,541.14
2020-06-25,352,318,0,34,0,11.0,257021,248651,4526,1947,1897,96.74345676034254,1.7609456036666264,0.7575256496550865,0.7380719863357469,-9.97,29361.0,61.9,-8.33,2113,3870,84.0,206.0,1.77,301.86,276.43,10.67,12.0,4.45,8.16,541.88
2020-06-26,387,345,0,42,0,8.0,257408,248996,4526,1989,1897,96.73203630034808,1.7582981103928395,0.7727032570860268,0.7369623321730482,9.94,29369.0,61.92,-27.27,2233,3925,73.0,195.0,1.54,319.0,280.36,10.33,10.43,4.71,8.28,542.7
2020-06-27,295,291,0,4,0,3.0,257703,249287,4526,1993,1897,96.73422505752747,1.7562853362203776,0.7733708959538694,0.7361187102982891,-23.77,29372.0,61.93,-62.5,2285,4100,64.0,178.0,1.35,326.43,292.86,7.33,9.14,4.82,8.64,543.32
2020-06-28,252,246,0,6,0,11.0,257955,249533,4526,1999,1897,96.73508945358687,1.7545695954720784,0.7749413657420868,0.7353995851989689,-14.58,29383.0,61.95,266.67,2307,4206,60.0,172.0,1.26,329.57,300.43,7.33,8.57,4.86,8.87,543.85
2020-06-29,384,365,0,19,0,9.0,258339,249898,4526,2018,1897,96.73258780129984,1.7519615698752415,0.7811441555475558,0.7343064732773603,52.38,29392.0,61.97,-18.18,2394,4281,63.0,161.0,1.33,342.0,305.79,7.67,9.0,5.05,9.03,544.66
2020-06-30,425,402,0,21,2,10.0,258764,250300,4526,2039,1899,96.72906586696759,1.7490841075265493,0.7879766891839669,0.7338733363218994,10.68,29402.0,61.99,11.11,2486,4435,64.0,159.0,1.35,355.14,316.79,10.0,9.14,5.24,9.35,545.56
2020-07-01,539,515,0,24,0,10.0,259303,250815,4526,2063,1899,96.7266094106123,1.7454483750670065,0.7955943432972237,0.7323478710234744,26.82,29412.0,62.01,0.0,2634,4686,62.0,146.0,1.31,376.29,334.71,9.67,8.86,5.55,9.88,546.69
2020-07-02,421,397,0,23,1,1.0,259724,251212,4526,2086,1900,96.72267483944495,1.742619087954906,0.8031602778333924,0.7315457947667524,-21.89,29413.0,62.01,-90.0,2703,4816,52.0,136.0,1.1,386.14,344.0,7.0,7.43,5.7,10.15,547.58
2020-07-03,543,531,0,12,0,5.0,260267,251743,4526,2098,1900,96.72490173552544,1.7389834285560597,0.8060952790787922,0.7300195568397069,28.98,29418.0,62.02,400.0,2859,5092,49.0,122.0,1.03,408.43,363.71,5.33,7.0,6.03,10.74,548.72
2020-07-04,416,411,0,5,0,6.0,260683,252154,4526,2103,1900,96.72821012494101,1.7362083450014,0.8067269442196078,0.7288545858379718,-23.39,29424.0,62.04,20.0,2980,5265,52.0,116.0,1.1,425.71,376.07,4.0,7.43,6.28,11.1,549.6
2020-07-05,425,418,0,7,0,0.0,261108,252572,4526,2110,1900,96.73085466550239,1.7333823551940193,0.8080947347457756,0.7276682445578075,2.16,29424.0,62.04,-100.0,3153,5460,41.0,101.0,0.86,450.43,390.0,3.67,5.86,6.65,11.51,550.5
2020-07-06,712,688,1,8,15,4.0,261820,253260,4527,2118,1915,96.7305782598732,1.7290504927049117,0.8089527156061416,0.7314185318157512,67.53,29428.0,62.04,inf,3481,5875,36.0,99.0,0.76,497.29,419.64,3.33,5.14,7.34,12.39,552.0
2020-07-07,786,778,0,8,0,4.0,262606,254038,4527,2126,1915,96.73731750226575,1.7238753113028644,0.8095778466600154,0.7292293397713685,10.39,29432.0,62.05,0.0,3842,6328,30.0,94.0,0.63,548.86,452.0,2.67,4.29,8.1,13.34,553.66
2020-07-08,895,888,0,7,0,4.0,263501,254926,4527,2133,1915,96.74574290040646,1.7180200454647232,0.8094845939863606,0.7267524601424663,13.87,29436.0,62.06,0.0,4198,6832,24.0,86.0,0.51,599.71,488.0,4.0,3.43,8.85,14.4,555.54
2020-07-09,919,914,0,3,2,2.0,264420,255840,4527,2136,1917,96.7551622418879,1.7120490129339687,0.807805763557976,0.7249829816201497,2.68,29438.0,62.06,-50.0,4696,7399,25.0,77.0,0.53,670.86,528.5,3.33,3.57,9.9,15.6,557.48
2020-07-10,1125,1112,0,12,1,3.0,265545,256952,4527,2148,1918,96.76401363234103,1.7047957973224876,0.8089024459131221,0.7222881244233558,22.42,29441.0,62.07,50.0,5278,8137,23.0,72.0,0.48,754.0,581.21,3.0,3.29,11.13,17.16,559.85
2020-07-11,875,870,0,5,0,4.0,266420,257822,4527,2153,1918,96.77276480744689,1.699196757000225,0.8081225133248254,0.719915922228061,-22.22,29445.0,62.08,33.33,5737,8717,21.0,73.0,0.44,819.57,622.64,3.0,3.0,12.1,18.38,561.7
2020-07-12,841,829,0,9,3,2.0,267261,258651,4527,2162,1921,96.77843007397263,1.6938498321865143,0.8089470592417151,0.7187730345991372,-3.89,29447.0,62.08,-50.0,6153,9306,23.0,64.0,0.48,879.0,664.71,3.0,3.29,12.97,19.62,563.47
2020-07-13,1361,1349,0,11,1,1.0,268622,260000,4527,2173,1922,96.79028523352518,1.6852677740468018,0.8089434223555777,0.7155035700724438,61.83,29448.0,62.09,-50.0,6802,10283,20.0,56.0,0.42,971.71,734.5,2.33,2.86,14.34,21.68,566.34
2020-07-14,1490,1477,0,13,0,2.0,270112,261477,4527,2186,1922,96.80317794100225,1.6759714488804645,0.8092939225210283,0.7115566875962563,9.48,29450.0,62.09,100.0,7506,11348,18.0,48.0,0.38,1072.29,810.57,1.67,2.57,15.83,23.93,569.48
2020-07-15,1814,1792,0,20,2,5.0,271926,263269,4527,2206,1924,96.81641328890949,1.6647911564175548,0.81125011951781,0.7075454351551526,21.74,29455.0,62.1,150.0,8425,12623,19.0,43.0,0.4,1203.57,901.64,2.67,2.71,17.76,26.61,573.31
2020-07-16,1675,1664,0,10,1,1.0,273601,264933,4527,2216,1925,96.83188292440451,1.6545992156461415,0.8099385601660812,0.7035792997832611,-7.66,29456.0,62.1,-80.0,9181,13877,18.0,43.0,0.38,1311.57,991.21,2.67,2.57,19.36,29.26,576.84
2020-07-17,2023,2007,0,9,7,2.0,275624,266940,4527,2225,1932,96.84933097262937,1.6424549386120222,0.8072591646591009,0.7009549240994979,20.78,29458.0,62.11,100.0,10079,15357,17.0,40.0,0.36,1439.86,1096.93,2.67,2.43,21.25,32.38,581.1
2020-07-18,1782,1768,0,11,3,2.0,277406,268708,4527,2236,1935,96.86452347822325,1.6319041405016474,0.8060388023330426,0.697533578942056,-11.91,29460.0,62.11,0.0,10986,16723,15.0,36.0,0.32,1569.43,1194.5,1.67,2.14,23.16,35.26,584.86
2020-07-19,1579,1566,0,12,1,4.0,278985,270274,4527,2248,1936,96.87760990734269,1.6226678853701813,0.8057780884276933,0.6939441188594369,-11.39,29464.0,62.12,100.0,11724,17877,17.0,40.0,0.36,1674.86,1276.93,2.67,2.43,24.72,37.69,588.19
2020-07-20,2323,2308,0,15,0,3.0,281308,272582,4527,2263,1936,96.89806191078817,1.6092681331494305,0.804456325451107,0.6882136306112873,47.12,29467.0,62.13,-25.0,12686,19488,19.0,39.0,0.4,1812.29,1392.0,3.0,2.71,26.75,41.09,593.09
2020-07-21,2337,2310,0,26,1,4.0,283645,274892,4527,2289,1937,96.9141003719438,1.5960090958768884,0.8069946588164784,0.6828958733628303,0.6,29471.0,62.13,33.33,13533,21039,21.0,39.0,0.44,1933.29,1502.79,3.67,3.0,28.53,44.36,598.01
2020-07-22,2382,2370,0,11,1,2.0,286027,277262,4527,2300,1938,96.93560398144231,1.5827177154604286,0.8041198907795418,0.6775584123177183,1.93,29473.0,62.14,-50.0,14101,22526,18.0,37.0,0.38,2014.43,1609.0,3.0,2.57,29.73,47.49,603.03
2020-07-23,2265,2254,0,11,0,1.0,288292,279516,4527,2311,1938,96.95586419324852,1.5702829076075646,0.8016178041707713,0.6722350949731523,-4.91,29474.0,62.14,-50.0,14691,23872,18.0,36.0,0.38,2098.71,1705.14,2.33,2.57,30.97,50.33,607.81
2020-07-24,2509,2492,0,16,1,6.0,290801,282008,4527,2327,1939,96.97628275005931,1.5567346742273926,0.8002035756410741,0.6667790000722144,10.77,29480.0,62.15,500.0,15177,25256,22.0,39.0,0.46,2168.14,1804.0,3.0,3.14,32.0,53.25,613.1
2020-07-25,2069,2062,0,7,0,6.0,292870,284070,4527,2334,1939,96.99525386690341,1.5457370164236692,0.7969406221190289,0.6620684945538976,-17.54,29486.0,62.17,0.0,15464,26450,26.0,41.0,0.55,2209.14,1889.29,4.33,3.71,32.6,55.76,617.46
2020-07-26,1878,1868,0,10,0,7.0,294748,285938,4527,2344,1939,97.01100601191526,1.5358882842292398,0.7952556081805474,0.6578500956749495,-9.23,29493.0,62.18,16.67,15763,27487,29.0,46.0,0.61,2251.86,1963.36,6.33,4.14,33.23,57.95,621.42
2020-07-27,3006,2988,0,18,0,8.0,297754,288926,4527,2362,1939,97.03513638775634,1.5203825977148921,0.7932722986089188,0.6512087159198533,60.06,29501.0,62.2,14.29,16446,29132,34.0,53.0,0.72,2349.43,2080.86,7.0,4.86,34.67,61.42,627.76
2020-07-28,3126,3113,0,13,0,11.0,300880,292039,4527,2375,1939,97.06161925019941,1.5045865461313481,0.789351236373305,0.644442967295932,3.99,29512.0,62.22,37.5,17235,30768,41.0,62.0,0.86,2462.14,2197.71,8.67,5.86,36.34,64.87,634.35
2020-07-29,3192,3176,0,15,1,5.0,304072,295215,4527,2390,1940,97.08720303086112,1.488792128180168,0.7859980530926886,0.6380067878660317,2.11,29517.0,62.23,-54.55,18045,32146,44.0,62.0,0.93,2577.86,2296.14,8.0,6.29,38.04,67.77,641.08
2020-07-30,3119,3102,0,16,1,8.0,307191,298317,4527,2406,1941,97.11124349346173,1.47367598660117,0.783226071076301,0.6318544488608064,-2.29,29525.0,62.25,60.0,18899,33590,51.0,69.0,1.08,2699.86,2399.29,8.0,7.29,39.85,70.82,647.66
2020-07-31,3605,3594,0,10,1,11.0,310796,301911,4527,2416,1942,97.14121159860487,1.4565824527986204,0.7773587819663059,0.6248471666302011,15.58,29536.0,62.27,37.5,19995,35172,56.0,78.0,1.18,2856.43,2512.29,8.0,8.0,42.16,74.15,655.26
2020-08-01,3591,3580,0,10,1,6.0,314387,305491,4527,2426,1943,97.17036645917293,1.4399450358952501,0.7716604058055836,0.6180280991262361,-0.39,29542.0,62.28,-45.45,21517,36981,56.0,82.0,1.18,3073.86,2641.5,8.33,8.0,45.36,77.97,662.83
2020-08-02,2758,2754,0,4,0,11.0,317145,308245,4527,2430,1943,97.19371265509467,1.427422787683867,0.7662110391146005,0.6126535181068596,-23.2,29553.0,62.31,83.33,22397,38160,60.0,89.0,1.26,3199.57,2725.71,9.33,8.57,47.22,80.45,668.64
2020-08-03,4077,4065,0,12,0,10.0,321222,312310,4527,2442,1943,97.22559476001021,1.4093057138054057,0.7602219026094104,0.6048776235749731,47.82,29563.0,62.33,-9.09,23468,39914,62.0,96.0,1.31,3352.57,2851.0,9.0,8.86,49.48,84.15,677.24
2020-08-04,4588,4577,0,11,0,12.0,325810,316887,4527,2453,1943,97.26128725330715,1.389460114790829,0.7528927902765415,0.5963598416254873,12.53,29575.0,62.35,20.0,24930,42165,63.0,104.0,1.33,3561.43,3011.79,11.0,9.0,52.56,88.9,686.91
2020-08-05,4553,4543,0,10,0,10.0,330363,321430,4527,2463,1943,97.29600469786266,1.370310839894298,0.7455435384713179,0.5881409237717299,-0.76,29585.0,62.37,-16.67,26291,44336,68.0,112.0,1.43,3755.86,3166.86,10.67,9.71,55.43,93.47,696.51
2020-08-06,4507,4497,0,10,0,23.0,334870,325927,4527,2473,1943,97.32941141338429,1.3518678890315645,0.7384955355809717,0.5802251620031654,-1.01,29608.0,62.42,130.0,27679,46578,83.0,134.0,1.75,3954.14,3327.0,15.0,11.86,58.36,98.2,706.01
2020-08-07,5254,5243,0,10,1,18.0,340124,331170,4527,2483,1944,97.36743070174407,1.3309851701144289,0.7300278721877903,0.571556255953711,16.57,29626.0,62.46,-21.74,29328,49323,90.0,146.0,1.9,4189.71,3523.07,17.0,12.86,61.83,103.99,717.09
2020-08-08,4176,4170,0,6,0,29.0,344300,335340,4527,2489,1944,97.3976183560848,1.3148417078129537,0.7229160615742085,0.5646238745280279,-20.52,29655.0,62.52,61.11,29913,51430,113.0,169.0,2.38,4273.29,3673.57,23.33,16.14,63.07,108.43,725.89
2020-08-09,3983,3975,0,8,0,14.0,348283,339315,4527,2497,1944,97.42508247603242,1.2998050435996016,0.716945702201945,0.5581667781660317,-4.62,29669.0,62.55,-51.72,31138,53535,116.0,176.0,2.45,4448.29,3823.93,20.33,16.57,65.65,112.87,734.29
2020-08-10,5966,5954,0,12,0,21.0,354249,345269,4527,2509,1944,97.46505988725444,1.2779146871268514,0.7082588800532958,0.5487665455654074,49.79,29690.0,62.6,50.0,33027,56495,127.0,189.0,2.68,4718.14,4035.36,21.33,18.14,69.63,119.11,746.87
2020-08-11,6303,6293,0,10,0,27.0,360552,351562,4527,2519,1944,97.50660098959374,1.255574785329162,0.6986509574208436,0.5391732676562604,5.65,29717.0,62.65,28.57,34742,59672,142.0,205.0,2.99,4963.14,4262.29,20.67,20.29,73.25,125.81,760.16
2020-08-12,6406,6394,0,11,1,23.0,366958,357956,4527,2530,1945,97.54685822355692,1.233656167735817,0.6894521988892461,0.5300334098180173,1.63,29740.0,62.7,-14.81,36595,62886,155.0,223.0,3.27,5227.86,4491.86,23.67,22.14,77.15,132.58,773.66
2020-08-13,6187,6177,0,9,1,21.0,373145,364133,4527,2539,1946,97.58485307320211,1.2132013024427502,0.6804325396293666,0.5215130847257768,-3.42,29761.0,62.75,-8.7,38275,65954,153.0,236.0,3.23,5467.86,4711.0,23.67,21.86,80.7,139.05,786.71
2020-08-14,7032,7023,0,8,1,31.0,380177,371156,4527,2547,1947,97.6271578764628,1.1907611454664537,0.6699511017236708,0.51212987634707,13.66,29792.0,62.81,47.62,40053,69381,166.0,256.0,3.5,5721.86,4955.79,25.0,23.71,84.44,146.28,801.53
2020-08-15,5497,5489,1,7,0,28.0,385674,376645,4528,2554,1947,97.65890363363877,1.1740485487743535,0.662217313067513,0.504830504519361,-21.83,29820.0,62.87,-9.68,41374,71287,165.0,278.0,3.48,5910.57,5091.93,26.67,23.57,87.23,150.3,813.12
2020-08-16,4857,4848,0,8,1,20.0,390531,381493,4528,2562,1948,97.68571509047938,1.1594470093283247,0.6560298670272015,0.49880803316510086,-11.64,29840.0,62.91,-28.57,42248,73386,171.0,287.0,3.61,6035.43,5241.86,26.33,24.43,89.07,154.72,823.36
2020-08-17,7062,7040,0,22,0,30.0,397593,388533,4528,2584,1948,97.72128784963517,1.1388530482176498,0.6499108384704962,0.4899482636766744,45.4,29870.0,62.98,50.0,43344,76371,180.0,307.0,3.79,6192.0,5455.07,26.0,25.71,91.38,161.01,838.25
2020-08-18,8317,8307,0,10,0,35.0,405910,396840,4528,2594,1948,97.7655145229238,1.1155182183242591,0.639057919243182,0.4799093395087581,17.77,29905.0,63.05,16.67,45358,80100,188.0,330.0,3.96,6479.71,5721.43,28.33,26.86,95.63,168.88,855.79
2020-08-19,8417,8399,0,18,0,41.0,414327,405239,4528,2612,1948,97.80656341488728,1.092856608427643,0.6304199340134724,0.4701600426716096,1.2,29946.0,63.14,17.14,47369,83964,206.0,361.0,4.34,6767.0,5997.43,35.33,29.43,99.87,177.02,873.53
2020-08-20,8418,8407,0,9,2,35.0,422745,413646,4528,2621,1950,97.84763864741156,1.0710948680646726,0.6199955055648204,0.46127097895894686,0.01,29981.0,63.21,-14.63,49600,87875,220.0,373.0,4.64,7085.71,6276.79,37.0,31.43,104.57,185.27,891.28
2020-08-21,9618,9608,0,10,0,37.0,432363,423254,4528,2631,1950,97.89320547780453,1.0472681519926543,0.6085164549232936,0.45100991527952206,14.26,30018.0,63.29,5.71,52186,92239,226.0,392.0,4.76,7455.14,6588.5,37.67,32.29,110.02,194.47,911.56
2020-08-22,6600,6589,0,11,0,38.0,438963,429843,4528,2642,1950,97.9223761455977,1.0315220189400929,0.6018730508038262,0.44422878465838805,-31.38,30056.0,63.37,2.7,53289,94663,236.0,401.0,4.98,7612.71,6761.64,36.67,33.71,112.35,199.58,925.47
2020-08-23,5832,5818,0,14,0,48.0,444795,435661,4528,2656,1950,97.94646972200677,1.0179970548230084,0.5971290144898211,0.4384042086804033,-11.64,30104.0,63.47,26.32,54264,96512,264.0,435.0,5.57,7752.0,6893.71,41.0,37.71,114.41,203.48,937.77
2020-08-24,8047,8028,0,19,0,50.0,452842,443689,4528,2675,1950,97.9787652205405,0.9999072524191661,0.5907137588827891,0.4306137681575472,37.98,30154.0,63.57,4.17,55249,98593,284.0,464.0,5.99,7892.71,7042.36,45.33,40.57,116.48,207.87,954.73
2020-08-25,10059,10044,0,15,0,36.0,462901,453733,4528,2690,1950,98.01944692277614,0.9781789194665814,0.5811177768032474,0.4212563809540269,25.0,30190.0,63.65,-28.0,56991,102349,285.0,473.0,6.01,8141.57,7310.64,44.67,40.71,120.15,215.78,975.94
2020-08-26,9717,9699,0,18,0,46.0,472618,463432,4528,2708,1950,98.0563584120791,0.9580676148602042,0.57297860005332,0.4125953730073759,-3.4,30236.0,63.75,27.78,58291,105660,290.0,496.0,6.11,8327.29,7547.14,44.0,41.43,122.9,222.76,996.43
2020-08-27,9375,9361,0,13,1,43.0,481993,472793,4528,2721,1951,98.09125858674297,0.9394327303508557,0.5645310201600439,0.40477766274613947,-3.52,30279.0,63.84,-6.52,59248,108848,298.0,518.0,6.28,8464.0,7774.86,41.67,42.57,124.91,229.49,1016.19
2020-08-28,10811,10794,0,15,2,61.0,492804,483587,4528,2736,1953,98.12968238894165,0.9188237108465028,0.5551902987800423,0.39630360143180654,15.32,30340.0,63.97,41.86,60441,112627,322.0,548.0,6.79,8634.43,8044.79,50.0,46.0,127.43,237.45,1038.99
2020-08-29,7157,7142,0,12,3,43.0,499961,490729,4528,2748,1956,98.15345596956563,0.9056706423101002,0.5496428721440272,0.39123051598024644,-33.8,30383.0,64.06,-29.51,60998,114287,327.0,563.0,6.89,8714.0,8163.36,49.0,46.71,128.6,240.95,1054.07
2020-08-30,6310,6298,0,12,0,51.0,506271,497027,4528,2760,1956,98.17410043237713,0.8943826527689716,0.5451625710340905,0.38635434381981193,-11.83,30434.0,64.16,18.6,61476,115740,330.0,594.0,6.96,8782.29,8267.14,51.67,47.14,129.61,244.02,1067.38
2020-08-31,8263,8248,0,15,0,60.0,514534,505275,4528,2775,1956,98.20050764380974,0.8800195905421216,0.5393229601931068,0.3801498054550331,30.95,30494.0,64.29,17.65,61692,116941,340.0,624.0,7.17,8813.14,8352.93,51.33,48.57,130.07,246.55,1084.8
2020-09-01,11184,11155,0,29,0,64.0,525718,516430,4528,2804,1956,98.23327335187305,0.8612982625666231,0.5333657968720873,0.3720625886882321,35.35,30558.0,64.43,6.67,62817,119808,368.0,653.0,7.76,8973.86,8557.71,58.33,52.57,132.44,252.59,1108.38
2020-09-02,10341,10312,1,26,2,73.0,536059,526742,4529,2830,1958,98.26194504709369,0.8448696878515238,0.5279269632633722,0.3652583017914073,-7.54,30631.0,64.58,14.06,63441,121732,395.0,685.0,8.33,9063.0,8695.14,65.67,56.43,133.75,256.65,1130.18
2020-09-03,10140,10118,1,20,1,65.0,546199,536860,4530,2850,1959,98.29018361439695,0.8293680508386138,0.5217878465540947,0.3586604882103409,-1.94,30696.0,64.72,-10.96,64206,123454,417.0,715.0,8.79,9172.29,8818.14,67.33,59.57,135.37,260.28,1151.56
2020-09-04,11257,11234,0,23,0,68.0,557456,548094,4530,2873,1959,98.32058494302689,0.8126201888579547,0.5153769983639964,0.35141786975115524,11.02,30764.0,64.86,4.62,64652,125093,424.0,746.0,8.94,9236.0,8935.21,68.67,60.57,136.31,263.74,1175.29
2020-09-05,8624,8607,0,16,1,59.0,566080,556701,4530,2889,1960,98.34316704352742,0.800240248728095,0.5103518937252686,0.3462408140192199,-23.39,30823.0,64.98,-13.24,66119,127117,440.0,767.0,9.28,9445.57,9079.79,64.0,62.86,139.4,268.0,1193.47
2020-09-06,7373,7357,1,15,0,57.0,573453,564058,4531,2904,1960,98.36167916115183,0.7901257818862226,0.5064059303901104,0.34178912657183763,-14.51,30880.0,65.1,-3.39,67182,128658,446.0,776.0,9.4,9597.43,9189.86,61.33,63.71,141.64,271.25,1209.02
2020-09-07,9234,9210,0,24,0,74.0,582687,573268,4531,2928,1960,98.38352322945252,0.7776044428655522,0.5024996267292732,0.33637270095265553,25.24,30954.0,65.26,29.82,68153,129845,460.0,800.0,9.7,9736.14,9274.64,63.33,65.71,143.69,273.75,1228.49
2020-09-08,11138,11115,1,22,0,80.0,593825,584383,4532,2950,1960,98.40996926703995,0.7631878078558498,0.49677935418683955,0.33006357091735783,20.62,31034.0,65.43,8.11,68107,130924,476.0,844.0,10.04,9729.57,9351.71,70.33,68.0,143.59,276.03,1251.97
2020-09-09,11671,11647,3,20,1,85.0,605496,596030,4535,2970,1961,98.43665358648117,0.7489727430073857,0.49050695628047086,0.32386671423097757,4.79,31119.0,65.61,6.25,69437,132878,488.0,883.0,10.29,9919.57,9491.29,79.67,69.71,146.4,280.15,1276.58
2020-09-10,11530,11516,0,13,1,83.0,617026,607546,4535,2983,1962,98.46359796831901,0.7349771322440222,0.4834480232599599,0.31797687617701687,-1.21,31202.0,65.78,-2.35,70827,135033,506.0,923.0,10.67,10118.14,9645.21,82.67,72.29,149.33,284.69,1300.88
2020-09-11,11938,11916,0,21,1,88.0,628964,619462,4535,3004,1963,98.48926170655236,0.7210269586176633,0.4776108012541258,0.31210053357584855,3.54,31290.0,65.97,6.02,71508,136160,526.0,950.0,11.09,10215.43,9725.71,85.33,75.14,150.76,287.07,1326.05
2020-09-12,9143,9130,0,12,1,98.0,638107,628592,4535,3016,1964,98.50887076932239,0.7106958550838652,0.4726480041748484,0.30778537141889994,-23.41,31388.0,66.18,11.36,72027,138146,565.0,1005.0,11.91,10289.57,9867.57,89.67,80.71,151.86,291.26,1345.33
2020-09-13,7908,7885,0,23,0,99.0,646015,636477,4535,3039,1964,98.52356369434146,0.7019960836822674,0.4704225134091314,0.30401770856713856,-13.51,31487.0,66.38,1.02,72562,139744,607.0,1053.0,12.8,10366.0,9981.71,95.0,86.71,152.98,294.62,1362.0
2020-09-14,10316,10279,1,35,1,95.0,656331,646756,4536,3074,1965,98.54113244689036,0.691114696700293,0.46836123846047195,0.2993916179488703,30.45,31582.0,66.58,-4.04,73644,141797,628.0,1088.0,13.24,10520.57,10128.36,97.33,89.71,155.26,298.95,1383.75
2020-09-15,12219,12186,0,31,2,120.0,668550,658942,4536,3105,1967,98.56285992072395,0.6784832847206641,0.46443796275521654,0.29421883180016456,18.45,31702.0,66.84,26.32,74725,142832,668.0,1144.0,14.08,10675.0,10202.29,104.67,95.43,157.54,301.13,1409.51
2020-09-16,11932,11905,0,26,1,102.0,680482,670847,4536,3131,1968,98.58409186429618,0.6665863314532934,0.46011503610675963,0.2892067681437569,-2.35,31804.0,67.05,-15.0,74986,144423,685.0,1173.0,14.44,10712.29,10315.93,105.67,97.86,158.09,304.49,1434.67
2020-09-17,11510,11486,0,23,1,113.0,691992,682333,4536,3154,1969,98.60417461473543,0.6554989075018208,0.4557856160186823,0.2845408617440664,-3.54,31917.0,67.29,10.78,74966,145793,715.0,1221.0,15.07,10709.43,10413.79,111.67,102.14,158.05,307.38,1458.94
2020-09-18,14187,14147,0,39,1,104.0,706179,696480,4536,3193,1970,98.62655219144155,0.6423300607919522,0.45215164993578116,0.27896609783071996,23.26,32021.0,67.51,-7.96,77215,148723,731.0,1257.0,15.41,11030.71,10623.07,106.33,104.43,162.79,313.55,1488.85
2020-09-19,8350,8315,0,33,2,112.0,714529,704795,4536,3226,1972,98.63770399801828,0.6348237790208655,0.4514862237921764,0.27598599916868316,-41.14,32133.0,67.75,7.69,76422,148449,745.0,1310.0,15.71,10917.43,10603.5,109.67,106.43,161.12,312.98,1506.45
2020-09-20,7125,7074,0,51,0,92.0,721654,711869,4536,3277,1972,98.64408705556957,0.6285560670348949,0.45409573008671744,0.2732611473088211,-14.67,32225.0,67.94,-17.86,75639,148201,738.0,1345.0,15.56,10805.57,10585.79,102.67,105.43,159.47,312.45,1521.47
2020-09-21,9932,9788,0,142,2,119.0,731586,721657,4536,3419,1974,98.64281164483738,0.6200227997802036,0.46734081844103087,0.26982473694138487,39.4,32344.0,68.19,29.35,75255,148899,762.0,1390.0,16.07,10750.71,10635.64,107.67,108.86,158.66,313.93,1542.41
2020-09-22,12284,12164,0,120,0,120.0,743870,733821,4536,3539,1974,98.64909191122105,0.6097839676287523,0.4757551722747254,0.2653689488754756,23.68,32464.0,68.44,0.84,75320,150045,762.0,1430.0,16.07,10760.0,10717.5,110.33,108.86,158.8,316.34,1568.31
2020-09-23,11626,11489,0,135,2,106.0,755496,745310,4536,3674,1976,98.65174666709024,0.600400266844563,0.4863030380041721,0.2615500280610354,-5.36,32570.0,68.67,-11.67,75014,150000,766.0,1451.0,16.15,10716.29,10714.29,115.0,109.43,158.15,316.25,1592.82
2020-09-24,10949,10763,0,185,1,111.0,766445,756073,4536,3859,1977,98.64673916588927,0.5918232880376283,0.5034934013529999,0.25794414472010385,-5.82,32681.0,68.9,4.72,74453,149419,764.0,1479.0,16.11,10636.14,10672.79,112.33,109.14,156.97,315.02,1615.91
2020-09-25,11611,11394,0,217,0,119.0,778056,767467,4536,4076,1977,98.63904397626906,0.5829914556278726,0.5238697471647284,0.25409482093833863,6.05,32800.0,69.15,7.21,71877,149092,779.0,1510.0,16.42,10268.14,10649.43,112.0,111.29,151.54,314.33,1640.39
2020-09-26,7619,7433,0,186,0,104.0,785675,774900,4536,4262,1977,98.62856779202596,0.5773379578069813,0.5424634868107042,0.25163076335634965,-34.38,32904.0,69.37,-12.61,71146,147568,771.0,1516.0,16.26,10163.71,10540.57,111.33,110.14,150.0,311.12,1656.45
2020-09-27,6247,6057,0,189,1,110.0,791922,780957,4536,4451,1978,98.6153939403123,0.5727836832415314,0.5620503029338748,0.24977207351229036,-18.01,33014.0,69.6,5.77,70268,145907,789.0,1527.0,16.63,10038.29,10421.93,111.0,112.71,148.15,307.62,1669.62
2020-09-28,9005,8603,0,400,2,138.0,800927,789560,4536,4851,1980,98.58076953330328,0.5663437491806369,0.6056731762070701,0.2472135413090082,44.15,33152.0,69.89,25.45,69341,144596,808.0,1570.0,17.04,9905.86,10328.29,117.33,115.43,146.19,304.85,1688.61
2020-09-29,10558,10098,0,460,0,131.0,811485,799658,4536,5311,1980,98.54254853755769,0.5589752121111295,0.6544791339334677,0.2439971163977153,17.25,33283.0,70.17,-5.07,67615,142935,819.0,1581.0,17.27,9659.29,10209.64,126.33,117.0,142.55,301.35,1710.87
2020-09-30,9912,9278,0,631,3,141.0,821397,808936,4536,5942,1983,98.48295038818014,0.5522299204891179,0.7234017168312035,0.24141797449954164,-6.12,33424.0,70.47,7.63,65901,140915,854.0,1620.0,18.01,9414.43,10065.36,136.67,122.0,138.94,297.09,1731.76
2020-10-01,10153,9417,0,736,0,119.0,831550,818353,4536,6678,1983,98.41296374240875,0.5454873429138356,0.8030785881787024,0.23847032649870722,2.43,33543.0,70.72,-15.6,65105,139558,862.0,1626.0,18.17,9300.71,9968.43,130.33,123.14,137.26,294.23,1753.17
2020-10-02,10695,9722,2,969,2,131.0,842245,828075,4538,7647,1985,98.31759167463149,0.538798093191411,0.9079305902676774,0.23567964190942065,5.34,33674.0,71.0,10.08,64189,136066,874.0,1653.0,18.43,9169.86,9719.0,130.33,124.86,135.33,286.87,1775.72
2020-10-03,7695,6925,0,770,0,94.0,849940,835000,4538,8417,1985,98.24222886321387,0.5339200414146881,0.9903051980139774,0.23354589735746054,-28.05,33768.0,71.19,-28.24,64265,135411,864.0,1635.0,18.22,9180.71,9672.21,114.67,123.43,135.49,285.49,1791.94
2020-10-04,7219,6444,0,774,1,80.0,857159,841444,4538,9191,1986,98.16661786203026,0.5294233625266724,1.0722631390442148,0.23169563639884783,-6.19,33848.0,71.36,-14.89,65237,135505,834.0,1623.0,17.58,9319.57,9678.93,101.67,119.14,137.54,285.69,1807.16
2020-10-05,11044,9581,1,1458,4,126.0,868203,851025,4539,10649,1990,98.02143047190576,0.5228039986040132,1.2265564620255862,0.22920906746463673,52.99,33974.0,71.63,57.5,67276,136617,822.0,1630.0,17.33,9610.86,9758.36,100.0,117.43,141.84,288.03,1830.44
2020-10-06,12351,10901,0,1447,3,122.0,880554,861926,4539,12096,1993,97.8845136130209,0.5154709421568694,1.3736806601298728,0.22633478469236412,11.83,34096.0,71.89,-3.17,69069,136684,813.0,1632.0,17.14,9867.0,9763.14,109.33,116.14,145.62,288.17,1856.48
2020-10-07,12064,10515,0,1549,0,131.0,892618,872441,4539,13645,1993,97.73957056658055,0.5085041977643292,1.528649433464259,0.2232758021908588,-2.32,34227.0,72.16,7.38,71221,137122,803.0,1657.0,16.93,10174.43,9794.43,126.33,114.71,150.16,289.1,1881.92
2020-10-08,12281,10835,0,1443,3,124.0,904899,883276,4539,15088,1996,97.61045155315676,0.5016029413227333,1.6673684024404933,0.22057710308001224,1.8,34351.0,72.42,-5.34,73349,138454,808.0,1670.0,17.04,10478.43,9889.57,125.67,115.43,154.64,291.9,1907.81
2020-10-09,13089,11415,0,1674,0,131.0,917988,894691,4539,16762,1996,97.46216726144569,0.4944509078550046,1.8259497945506913,0.21743203614862067,6.58,34482.0,72.7,5.65,75743,139932,808.0,1682.0,17.04,10820.43,9995.14,128.67,115.43,159.69,295.02,1935.41
2020-10-10,10335,9084,0,1251,0,109.0,928323,903775,4539,18013,1996,97.35566176858701,0.48894619652857896,1.94038066491943,0.21501136996497985,-21.04,34591.0,72.93,-16.79,78383,142648,823.0,1687.0,17.35,11197.57,10189.14,121.33,117.57,165.26,300.75,1957.2
2020-10-11,8576,7466,1,1109,0,103.0,936899,911241,4540,19122,1996,97.26139103574666,0.48457731302947277,2.040988409636471,0.21304324158740698,-17.02,34694.0,73.15,-5.5,79740,144977,846.0,1680.0,17.84,11391.43,10355.5,114.33,120.86,168.12,305.66,1975.28
2020-10-12,10344,8991,1,1350,2,111.0,947243,920232,4541,20472,1998,97.14846137685895,0.4793912438518944,2.1612194547755963,0.210927924513562,20.62,34805.0,73.38,7.77,79040,146316,831.0,1653.0,17.52,11291.43,10451.14,107.67,118.71,166.64,308.48,1997.09
2020-10-13,13883,11777,0,2101,5,129.0,961126,932009,4541,22573,2003,96.97053247961246,0.472466669302464,2.348599455222312,0.2084013958627693,34.21,34934.0,73.65,16.22,80572,149641,838.0,1651.0,17.67,11510.29,10688.64,114.33,119.71,169.87,315.49,2026.36
2020-10-14,15802,13754,4,2042,2,123.0,976928,945763,4545,24615,2005,96.80989796586852,0.4652338759867667,2.5196329719283304,0.20523518621638442,13.82,35057.0,73.91,-4.65,84310,155531,830.0,1633.0,17.5,12044.29,11109.36,121.0,118.57,177.75,327.91,2059.67
2020-10-15,15959,13707,2,2245,5,127.0,992887,959470,4547,26860,2010,96.634360204132,0.45795745135146293,2.7052423891137662,0.20243995540277998,0.99,35184.0,74.18,3.25,87988,161337,833.0,1641.0,17.56,12569.71,11524.07,126.33,119.0,185.51,340.15,2093.32
2020-10-16,16826,14326,2,2492,6,121.0,1009713,973796,4549,29352,2016,96.44285059219798,0.4505240598070937,2.9069646523319004,0.19966069566302505,5.43,35305.0,74.43,-4.72,91725,167468,823.0,1631.0,17.35,13103.57,11962.0,123.67,117.57,193.39,353.08,2128.79
2020-10-17,13769,11960,1,1800,8,108.0,1023482,985756,4550,31152,2024,96.31395569243035,0.44456082275995085,3.0437271979380194,0.19775628687167923,-18.17,35413.0,74.66,-10.74,95159,173542,822.0,1645.0,17.33,13594.14,12395.86,118.67,117.43,200.63,365.88,2157.82
2020-10-18,12282,10401,3,1876,2,121.0,1035764,996157,4553,33028,2026,96.17605941121722,0.4395789002127898,3.1887572844779313,0.19560440409205185,-10.8,35534.0,74.92,12.04,98865,178605,840.0,1686.0,17.71,14123.57,12757.5,116.67,120.0,208.44,376.56,2183.72
2020-10-19,19457,16240,4,3210,3,143.0,1055221,1012397,4557,36238,2029,95.94170320719546,0.431852664039097,3.434162132861268,0.19228199590417552,58.42,35677.0,75.22,18.18,107978,187018,872.0,1703.0,18.38,15425.43,13358.43,124.0,124.57,227.65,394.29,2224.74
2020-10-20,21417,18081,1,3335,0,154.0,1076638,1030478,4558,39573,2029,95.71257934421783,0.4233549252394955,3.6756087004174103,0.1884570301252603,10.07,35831.0,75.54,7.69,115512,196084,897.0,1735.0,18.91,16501.71,14006.0,139.33,128.14,243.54,413.41,2269.89
2020-10-21,21340,18056,6,3276,2,140.0,1097978,1048534,4564,42849,2031,95.49681323305202,0.4156731737794382,3.9025372093065616,0.18497638386197174,-0.36,35971.0,75.84,-9.09,121050,205360,914.0,1744.0,19.27,17292.86,14668.57,145.67,130.57,255.21,432.96,2314.88
2020-10-22,20421,17302,3,3115,1,175.0,1118399,1065836,4567,45964,2032,95.30015674191411,0.4083515811441176,4.109803388593874,0.1816882883478973,-4.31,36146.0,76.21,25.0,125512,213500,962.0,1795.0,20.28,17930.29,15250.0,156.33,137.43,264.62,450.13,2357.94
2020-10-23,21513,17895,2,3615,1,169.0,1139912,1083731,4569,49579,2033,95.0714616566893,0.4008204142074125,4.349370828625368,0.17834710047793162,5.35,36315.0,76.56,-3.43,130199,221924,1010.0,1833.0,21.29,18599.86,15851.71,161.33,144.29,274.5,467.89,2403.29
2020-10-24,16567,14188,9,2368,2,148.0,1156479,1097919,4578,51947,2035,94.936354226925,0.3958567341041212,4.491823889582085,0.17596514938879132,-22.99,36463.0,76.88,-12.43,132997,228156,1050.0,1872.0,22.14,18999.57,16296.86,164.0,150.0,280.4,481.02,2438.22
2020-10-25,14404,12057,3,2341,3,155.0,1170883,1109976,4581,54288,2038,94.79819930770196,0.39124318996859636,4.636500828861637,0.17405667346780165,-13.06,36618.0,77.2,4.73,135119,233984,1084.0,1924.0,22.85,19302.71,16713.14,157.33,154.86,284.87,493.31,2468.59
2020-10-26,20807,16739,6,4058,4,172.0,1191690,1126715,4587,58346,2042,94.54765920667288,0.38491554011529844,4.896071965024461,0.17135328818736417,44.45,36790.0,77.56,10.97,136469,244447,1113.0,1985.0,23.47,19495.57,17460.5,158.33,159.0,287.72,515.37,2512.46
2020-10-27,22226,18211,4,4010,1,199.0,1213916,1144926,4591,62356,2043,94.31674020278174,0.37819750295737103,5.136763993554744,0.1682983007061444,6.82,36989.0,77.98,15.7,137278,252790,1158.0,2055.0,24.41,19611.14,18056.43,175.33,165.43,289.43,532.96,2559.32
2020-10-28,21350,17615,4,3729,2,187.0,1235266,1162541,4595,66085,2045,94.11260408689303,0.37198465755553867,5.349859868238906,0.16555138731253025,-3.94,37176.0,78.38,-6.03,137288,258338,1205.0,2119.0,25.41,19612.57,18452.71,186.0,172.14,289.45,544.66,2604.33
2020-10-29,19928,16320,4,3598,6,201.0,1255194,1178861,4599,69683,2051,93.91862931148492,0.36639754492134285,5.55157210757859,0.16340103601514985,-6.66,37377.0,78.8,7.49,136795,262307,1231.0,2193.0,25.95,19542.14,18736.21,195.67,175.86,288.41,553.03,2646.34
2020-10-30,20540,16666,4,3869,1,186.0,1275734,1195527,4603,73552,2052,93.71287431392437,0.3608118933884336,5.765465214535318,0.16084857815187178,3.07,37563.0,79.19,-7.46,135822,266021,1248.0,2258.0,26.31,19403.14,19001.5,191.33,178.29,286.36,560.86,2689.65
2020-10-31,15791,13019,2,2768,2,188.0,1291525,1208546,4605,76320,2054,93.57511468999826,0.35655523509030024,5.9092932773271905,0.15903679758425118,-23.12,37751.0,79.59,1.08,135046,268043,1288.0,2338.0,27.16,19292.29,19145.93,191.67,184.0,284.72,565.12,2722.94
2020-11-01,14116,11321,1,2794,0,204.0,1305641,1219867,4606,79114,2054,93.43050654812464,0.3527769118770014,6.059399176343267,0.15731736365509355,-10.61,37955.0,80.02,8.51,134758,269877,1337.0,2421.0,28.19,19251.14,19276.93,192.67,191.0,284.11,568.99,2752.7
2020-11-02,17083,14034,2,3045,2,212.0,1322724,1233901,4608,82159,2056,93.28484249170651,0.3483719959719488,6.211348701618781,0.15543681070276189,21.02,38167.0,80.47,3.92,131034,267503,1377.0,2490.0,29.03,18719.14,19107.36,201.33,196.71,276.26,563.98,2788.72
2020-11-03,19744,15096,2,4643,3,248.0,1342468,1248997,4610,86802,2059,93.03737593745251,0.34339738451866264,6.465852444899991,0.15337423312883436,15.58,38415.0,80.99,16.98,128552,265830,1426.0,2584.0,30.06,18364.57,18987.86,221.33,203.71,271.03,560.45,2830.34
2020-11-04,18466,14581,6,3877,2,249.0,1360934,1263578,4616,90679,2061,92.84638343960839,0.339178828657378,6.662997617812473,0.15144011392176254,-6.47,38664.0,81.52,0.4,125668,262956,1488.0,2693.0,31.37,17952.57,18782.57,236.33,212.57,264.95,554.39,2869.28
2020-11-05,17319,13913,5,3401,0,247.0,1378253,1277491,4621,94080,2061,92.68915068568688,0.3352795168956643,6.826032665990932,0.14953713142652328,-6.21,38911.0,82.04,-0.8,123059,259854,1534.0,2765.0,32.34,17579.86,18561.0,248.0,219.14,259.45,547.85,2905.79
2020-11-06,16648,13013,2,3633,0,271.0,1394901,1290504,4623,97713,2061,92.51581295016635,0.33142136968860153,7.005013259005477,0.14775242113956474,-3.87,39182.0,82.61,9.72,119167,254989,1619.0,2867.0,34.13,17023.86,18213.5,255.67,231.29,251.24,537.6,2940.89
2020-11-07,12371,10257,1,2112,1,205.0,1407272,1300761,4624,99825,2062,92.43138497745994,0.32857898117776807,7.093511417835358,0.14652462352693724,-25.69,39387.0,83.04,-24.35,115747,250793,1636.0,2924.0,34.49,16535.29,17913.79,241.0,233.71,244.03,528.75,2966.97
2020-11-08,8557,6880,0,1677,0,207.0,1415829,1307641,4624,101502,2062,92.35868173345793,0.32659311258633633,7.169086097261745,0.1456390566939934,-30.83,39594.0,83.48,0.98,110188,244946,1639.0,2976.0,34.56,15741.14,17496.14,227.67,234.14,232.31,516.42,2985.01
2020-11-09,9205,6686,0,2518,1,203.0,1425034,1314327,4624,104020,2063,92.23127307839673,0.32448348600805316,7.299474959895694,0.14476847569952717,7.57,39797.0,83.9,-1.93,102310,233344,1630.0,3007.0,34.37,14615.71,16667.43,205.0,232.86,215.7,491.96,3004.42
2020-11-10,9209,6904,0,2304,1,206.0,1434243,1321231,4624,106324,2064,92.1204426307118,0.322400039602773,7.413248661489022,0.1439086681963935,0.04,40003.0,84.34,1.48,91775,220327,1588.0,3014.0,33.48,13110.71,15737.64,205.33,226.86,193.49,464.52,3023.84
2020-11-11,3253,2032,0,1221,0,211.0,1437496,1323263,4624,107545,2064,92.05333440927835,0.3216704603004113,7.481412122190253,0.14358300823097941,-64.68,40214.0,84.78,2.43,76562,202230,1550.0,3038.0,32.68,10937.43,14445.0,206.67,221.43,161.42,426.36,3030.69
2020-11-12,4,1,0,3,0,168.0,1437500,1323264,4624,107548,2064,92.05314782608696,0.3216695652173913,7.4816,0.14358260869565218,-99.88,40382.0,85.14,-20.38,59247,182306,1471.0,3005.0,31.01,8463.86,13021.86,195.0,210.14,124.91,384.36,3030.7
